<?xml version="1.0" encoding="UTF-8"?>

<!--Generated by CTT Test Suites Editor. 05.04.22 16:50-->
<TestSuite xmlns:xsi="http://www.w3.org/2001/XMLSchema-instance" xsi:noNamespaceSchemaLocation="http://ctt.cinimex.ru/scripts.xsd" name="Block3TS" userParameter="" description="" globalSettingsFile="Settings/Block3Settings.xml">
  <TestCase description="Обработка сообщения с корректными заголовками" name="TS1" toRun="true"> 
    <workpath>Tests/TS1</workpath> 
  </TestCase>
  <TestCase description="Обработка ошибок заголовков входящего сообщения. Пустые заголовки." name="TS2" toRun="true"> 
    <workpath>Tests/TS2</workpath> 
  </TestCase>
  <TestCase description="Обработка ошибок заголовков входящего сообщения. Некорректный заголовок usr.System." name="TS3" toRun="true">
    <workpath>Tests/TS3</workpath>
  </TestCase>
  <TestCase description="Обработка ошибок заголовков входящего сообщения. Некорректный заголовок usr.TypeRequest." name="TS4" toRun="true">
    <workpath>Tests/TS4</workpath>
  </TestCase>
  <TestCase description="Обработка невалидного запроса" name="TS5" toRun="true">
    <workpath>Tests/TS5</workpath>
  </TestCase>
</TestSuite>
